{
    "toon": 1621836282.2518299,
    "gear": 1621836282.2518299
}